<?xml version="1.0" encoding="utf-8"?>
<extension type="plugin" group="pcp" method="upgrade" version="3">
	<name>plg_pcp_spn_yandex_kassa</name>
	<creationDate>23/12/2018</creationDate>
	<author>Sergey Kuznetsov (www.seoprosto.net)</author>
	<authorEmail>info@seoprosto.net</authorEmail>
	<authorUrl>www.seoprosto.net</authorUrl>
	<copyright>Sergey Kuznetsov</copyright>
	<license>GNU/GPL</license>
	<version>1.0.4</version>
	
	<description>PLG_PCP_YANDEX_KASSA_DESCRIPTION</description>
	
	<files>
		<filename plugin="spn_yandex_kassa">spn_yandex_kassa.php</filename>
		<filename plugin="spn_yandex_kassa">spn_yandex_kassa.xml</filename>
		<filename plugin="spn_yandex_kassa">index.html</filename>
		<folder>helpers</folder>
		<folder>lib</folder>
	</files>
	<files target="images" folder="spn_yandex_kassa">
		<folder>images</folder>
	</files>
	<languages>
		<language tag="en-GB">language/en-GB/en-GB.plg_pcp_spn_yandex_kassa.ini</language>
		<language tag="en-GB">language/en-GB/en-GB.plg_pcp_spn_yandex_kassa.sys.ini</language>
		<language tag="ru-RU">language/ru-RU/ru-RU.plg_pcp_spn_yandex_kassa.ini</language>
		<language tag="ru-RU">language/ru-RU/ru-RU.plg_pcp_spn_yandex_kassa.sys.ini</language>
	</languages>
	<administration>
		<languages>
			<language tag="en-GB">language/en-GB/en-GB.plg_spn_pcp_yandex_kassa.ini</language>
			<language tag="en-GB">language/en-GB/en-GB.plg_spn_pcp_yandex_kassa.sys.ini</language>
			<language tag="ru-RU">language/ru-RU/ru-RU.plg_spn_pcp_yandex_kassa.ini</language>
			<language tag="ru-RU">language/ru-RU/ru-RU.plg_spn_pcp_yandex_kassa.sys.ini</language>
		</languages>
	</administration>
	<config>
        <fields name="params">
        	<fieldset name="basic">
				<field
					name="donate-from-user"
					type="spacer"
					label="PLG_PCP_YANDEX_KASSA_DONATE"
					class="text"
				/>
			</fieldset>
        </fields>
    </config>    
	<form>
		<fields name="params" addfieldpath="/administrator/components/com_phocacart/models/fields">
			<fieldset name="payment" addpath="/administrator/components/com_phocacart/models/fields" group="pcp" >
				<field
					name="testmode"
					type="radio"  
					default="0"
					label="PLG_PCP_YANDEX_KASSA_TESTMODE_LABEL"
					description="PLG_PCP_YANDEX_KASSA_TESTMODE_DESC">
					<option value="1">JYES</option>
					<option value="0">JNO</option>
				</field>
				<field
					name="shopId"
					type="text"
					label="PLG_PCP_YANDEX_KASSA_SHOPID_LABEL"
					description="PLG_PCP_YANDEX_KASSA_SHOPID_DESC"
					size="30" required="true" 
				/>
				<field
					name="secretKey"
					type="text"
					label="PLG_PCP_YANDEX_KASSA_SECRETKEY_LABEL"
					description="PLG_PCP_YANDEX_KASSA_SECRETKEY_DESC"
					size="120" required="true" 
				/>
				<field
					name="testshopId"
					type="text"
					label="PLG_PCP_YANDEX_KASSA_TESTSHOPID_LABEL"
					description="PLG_PCP_YANDEX_KASSA_TESTSHOPID_DESC"
					size="30" required="true" 
				/>
				<field
					name="testsecretKey"
					type="text"
					label="PLG_PCP_YANDEX_KASSA_TESTSECRETKEY_LABEL"
					description="PLG_PCP_YANDEX_KASSA_TESTSECRETKEY_DESC"
					size="120" required="true" 
				/>				
				<field
					name="set_payment_method"
					type="radio"  
					default="1"
					label="PLG_PCP_YANDEX_KASSA_SET_PAYMENT_METHOD_TYPE_LABEL"
					description="PLG_PCP_YANDEX_KASSA_SET_PAYMENT_METHOD_TYPE_DESC">
					<option value="1">JYES</option>
					<option value="0">JNO</option>
				</field>
				<field name="payment_method_type"
					type="list"
					class="btn-group btn-group-yesno"
					default="1"
					label="PLG_PCP_YANDEX_KASSA_PAYMENT_METHOD_TYPE_LABEL"
					description="PLG_PCP_YANDEX_KASSA_PAYMENT_METHOD_TYPE_DESC">
					<option value="1">PLG_PCP_YANDEX_KASSA_PAYMENT_METHOD_BANK_CARD</option>
					<option value="2">PLG_PCP_YANDEX_KASSA_PAYMENT_METHOD_YANDEX_MONEY</option>
					<option value="3">PLG_PCP_YANDEX_KASSA_PAYMENT_METHOD_SBERBANK</option>
					<option value="4">PLG_PCP_YANDEX_KASSA_PAYMENT_METHOD_QIWI</option>
					<option value="5">PLG_PCP_YANDEX_KASSA_PAYMENT_METHOD_WEBMONEY</option>
					<option value="6">PLG_PCP_YANDEX_KASSA_PAYMENT_METHOD_CASH</option>
					<option value="7">PLG_PCP_YANDEX_KASSA_PAYMENT_METHOD_MOBILE_BALANCE</option>
					<option value="8">PLG_PCP_YANDEX_KASSA_PAYMENT_METHOD_ALFABANK</option>
<!--					
					<option value="9">PLG_PCP_YANDEX_KASSA_PAYMENT_METHOD_APPLE_PAY</option>
					<option value="10">PLG_PCP_YANDEX_KASSA_PAYMENT_METHOD_APPLE_PAY</option>
					<option value="11">PLG_PCP_YANDEX_KASSA_PAYMENT_METHOD_ANDROID_PAY</option>
					<option value="12">PLG_PCP_YANDEX_KASSA_PAYMENT_METHOD_SAMSUNG_PAY</option>
-->					
				</field>
				<field
					name="check_payment_status"
					type="radio"  
					default="0"
					label="PLG_PCP_YANDEX_KASSA_CHECK_PAYMENT_STATUS_LABEL"
					description="PLG_PCP_YANDEX_KASSA_CHECK_PAYMENT_STATUS_DESC">
					<option value="1">JYES</option>
					<option value="0">JNO</option>
				</field>
				
				<field name="tax_system_code"
					type="list"
					class="btn-group btn-group-yesno"
					default="1"
					label="PLG_PCP_YANDEX_KASSA_TAX_SYSTEM_LABEL"
					description="PLG_PCP_YANDEX_KASSA_TAX_SYSTEM_DESC">
					<option value="1">PLG_PCP_YANDEX_KASSA_TAX_SYSTEM_OSN</option>
					<option value="2">PLG_PCP_YANDEX_KASSA_TAX_SYSTEM_USN_DOH</option>
					<option value="3">PLG_PCP_YANDEX_KASSA_TAX_SYSTEM_USN_DOH_MINUS_RAS</option>
					<option value="4">PLG_PCP_YANDEX_KASSA_TAX_SYSTEM_ENVD</option>
					<option value="5">PLG_PCP_YANDEX_KASSA_TAX_SYSTEM_ESN</option>
					<option value="6">PLG_PCP_YANDEX_KASSA_TAX_SYSTEM_PATENT</option>
				</field>
				<field name="vat_code"
					type="list"
					class="btn-group btn-group-yesno"
					default="1"
					label="PLG_PCP_YANDEX_KASSA_NDS_TYPE_LABEL"
					description="PLG_PCP_YANDEX_KASSA_NDS_TYPE_DESC">
					<option value="1">PLG_PCP_YANDEX_KASSA_NDS_TYPE_WO</option>
					<option value="2">PLG_PCP_YANDEX_KASSA_NDS_TYPE_P0</option>
					<option value="3">PLG_PCP_YANDEX_KASSA_NDS_TYPE_P10</option>
					<option value="4">PLG_PCP_YANDEX_KASSA_NDS_TYPE_P18</option>
					<option value="5">PLG_PCP_YANDEX_KASSA_NDS_TYPE_P10_110</option>
					<option value="6">PLG_PCP_YANDEX_KASSA_NDS_TYPE_P18_118</option>
				</field>
				<field name="paymentSubject"
					type="list"
					class="btn-group btn-group-yesno"
					default="1"
					label="PLG_PCP_YANDEX_KASSA_PAYMENTSUBJECT_LABEL"
					description="PLG_PCP_YANDEX_KASSA_PAYMENTSUBJECT_DESC">
					<option value="1">PLG_PCP_YANDEX_KASSA_PAYMENTSUBJECT_COMMODITY</option>
					<option value="2">PLG_PCP_YANDEX_KASSA_PAYMENTSUBJECT_EXCISE</option>
					<option value="3">PLG_PCP_YANDEX_KASSA_PAYMENTSUBJECT_JOB</option>
					<option value="4">PLG_PCP_YANDEX_KASSA_PAYMENTSUBJECT_SERVICE</option>
					<option value="5">PLG_PCP_YANDEX_KASSA_PAYMENTSUBJECT_GAMBLING_BET</option>
					<option value="6">PLG_PCP_YANDEX_KASSA_PAYMENTSUBJECT_GAMBLING_PRIZE</option>
					<option value="7">PLG_PCP_YANDEX_KASSA_PAYMENTSUBJECT_LOTTERY</option>
					<option value="8">PLG_PCP_YANDEX_KASSA_PAYMENTSUBJECT_LOTTERY_PRIZE</option>
					<option value="9">PLG_PCP_YANDEX_KASSA_PAYMENTSUBJECT_INTELLECTUAL_ACTIVITY</option>
					<option value="10">PLG_PCP_YANDEX_KASSA_PAYMENTSUBJECT_PAYMENT</option>
					<option value="11">PLG_PCP_YANDEX_KASSA_PAYMENTSUBJECT_AGENT_COMMISSION</option>
					<option value="12">PLG_PCP_YANDEX_KASSA_PAYMENTSUBJECT_COMPOSITE</option>
					<option value="13">PLG_PCP_YANDEX_KASSA_PAYMENTSUBJECT_ANOTHER</option>
				</field>
				<field name="paymentMode"
					type="list"
					class="btn-group btn-group-yesno"
					default="1"
					label="PLG_PCP_YANDEX_KASSA_PAYMENTMODE_LABEL"
					description="PLG_PCP_YANDEX_KASSA_PAYMENTMODE_DESC">
					<option value="1">PLG_PCP_YANDEX_KASSA_PAYMENTMODE_FULL_PREPAYMENT</option>
					<option value="2">PLG_PCP_YANDEX_KASSA_PAYMENTMODE_PARTIAL_PREPAYMENT</option>
					<option value="3">PLG_PCP_YANDEX_KASSA_PAYMENTMODE_ADVANCE</option>
					<option value="4">PLG_PCP_YANDEX_KASSA_PAYMENTMODE_FULL_PAYMENT</option>
					<option value="5">PLG_PCP_YANDEX_KASSA_PAYMENTMODE_PARTIAL_PAYMENT</option>
					<option value="6">PLG_PCP_YANDEX_KASSA_PAYMENTMODE_CREDIT</option>
					<option value="7">PLG_PCP_YANDEX_KASSA_PAYMENTMODE_CREDIT_PAYMENT</option>
				</field>
				
				
				

			</fieldset>
		</fields>				
	</form>
	<updateservers>
		<server type="extension" name="plg_pcp_spn_yandex_kassa" priority="1">http://seoprosto.net/update_xml/plg_spn_yandex_kassa_update.xml</server>
	</updateservers>
</extension>
